{"cameraMode":{"drawMode":0,"name":"Shaded","section":"Shading Mode"},"sceneLighting":true,"audioPlay":false,"sceneViewState":{"m_AlwaysRefresh":false,"showFog":true,"showSkybox":true,"showFlares":true,"showImageEffects":true,"showParticleSystems":true,"showVisualEffectGraphs":true,"m_FxEnabled":true},"in2DMode":false,"pivot":{"x":-1.047436237335205,"y":-12.181022644042969,"z":3.1435117721557619},"rotation":{"x":0.6479905843734741,"y":-0.009140951558947564,"z":0.007772989571094513,"w":0.7615606784820557},"size":19.649642944335939,"orthographic":false}